query,response
"球速:66.43、發射角度:7.198、發射方向:-6.172、飛行距離:179、ClubAngleFace:-15、ClubAnglePath:6.901front:{A: [0.0, 0.0, -0.0, 0.0, -0.0, -0.0], F: [-0.01, -0.008, 0.0, 0.048, -0.018, -0.011], I: [-0.019, -0.04, 0.184, -0.063, -0.041, -0.023], T: [0.002, 0.0, 0.0, -0.001, -0.001, -0.001]}side:{A: [0.002, -0.001, 0.001, -0.0, -0.002, 0.0], F: [0.001, 0.004, 0.0, -0.001, -0.003, 0.0], I: [0.217, -0.065, -0.013, -0.068, -0.054, -0.013], T: [-0.049, -0.043, 0.253, -0.083, -0.055, -0.013]}","{
    ""球路"": ""Pull左飛球"",
    ""原因"": ""Clubface = ClubAnglePath - ClubAngleFace = 6.901 - (-15) = 21.901，遠大於3，且發射方向為負值(-6.172)，顯示球從目標左側開始飛行，並且桿面過於封閉。從圖片觀察，P4頂點時肩膀旋轉不足，導致上桿過於平面化，P5~6下桿時手腕角度過於僵硬，影響桿面控制。"",
    ""建議"": ""在上桿(P4)階段，肩膀需要更充分地旋轉，試著將左肩向下壓，右肩向後轉，讓上桿更立體化。在下桿(P5~6)階段，放鬆手腕，讓桿頭自然下落，避免過度用力控制桿面。這樣可以改善桿面角度，減少左飛球的情況。""
}"
"球速:66.43、發射角度:7.198、發射方向:-6.172、飛行距離:179、ClubAngleFace:-15、ClubAnglePath:6.901front:{A: [0.0, 0.0, -0.0, 0.0, -0.0, -0.0], F: [-0.01, -0.008, 0.0, 0.048, -0.018, -0.011], I: [-0.019, -0.04, 0.184, -0.063, -0.041, -0.023], T: [0.002, 0.0, 0.0, -0.001, -0.001, -0.001]}side:{A: [0.002, -0.001, 0.001, -0.0, -0.002, 0.0], F: [0.001, 0.004, 0.0, -0.001, -0.003, 0.0], I: [0.217, -0.065, -0.013, -0.068, -0.054, -0.013], T: [-0.049, -0.043, 0.253, -0.083, -0.055, -0.013]}","{
        ""球路"": ""Pull左飛球"",
        ""原因"": ""發射方向為-6.172，顯示球從目標左側開始，ClubAngleFace為-15，ClubAnglePath為6.901，導致桿面過於封閉，揮桿路徑由內向外，並且在下桿(P5~6)時，肩膀旋轉不足，導致下桿角度過於陡峭。"",
        ""建議"": ""在下桿(P5~6)階段，請專注於肩膀的自然旋轉，避免過度依賴手臂力量。試著在下桿過程中保持左肩向下，並讓身體的旋轉帶動手臂與球桿，這將有助於改善揮桿路徑，減少左飛球的情況。同時，注意桿面角度的控制，確保擊球時桿面方正。""
}"
"球速:66.43、發射角度:7.198、發射方向:-6.172、飛行距離:179、ClubAngleFace:-15、ClubAnglePath:6.901front:{A: [0.0, 0.0, -0.0, 0.0, -0.0, -0.0], F: [-0.01, -0.008, 0.0, 0.048, -0.018, -0.011], I: [-0.019, -0.04, 0.184, -0.063, -0.041, -0.023], T: [0.002, 0.0, 0.0, -0.001, -0.001, -0.001]}side:{A: [0.002, -0.001, 0.001, -0.0, -0.002, 0.0], F: [0.001, 0.004, 0.0, -0.001, -0.003, 0.0], I: [0.217, -0.065, -0.013, -0.068, -0.054, -0.013], T: [-0.049, -0.043, 0.253, -0.083, -0.055, -0.013]}","{
        ""球路"": ""Pull左飛球"",
        ""原因"": ""Clubface數值為-15，ClubAnglePath為6.901，導致Clubface大於3，揮桿軌跡偏左；此外，從圖片觀察到P4頂點時，肩膀旋轉過度，導致桿頭頂點過高，並且下桿(P5~6)時，左手腕過度外展，影響擊球穩定性。"",
        ""建議"": ""在上桿至頂點(P4)時，注意肩膀旋轉的幅度，避免過度旋轉導致桿頭過高。可以嘗試在上桿時保持肩膀穩定，讓旋轉幅度控制在合理範圍內。同時，下桿時注意左手腕的穩定性，避免過度外展。建議在練習中加入慢動作揮桿，專注於肩膀與手腕的協調，這將有助於改善擊球穩定性並減少左飛球的發生。""
}"
"球速:66.43、發射角度:7.198、發射方向:-6.172、飛行距離:179、ClubAngleFace:-15、ClubAnglePath:6.901front:{A: [0.0, 0.0, -0.0, 0.0, -0.0, -0.0], F: [-0.01, -0.008, 0.0, 0.048, -0.018, -0.011], I: [-0.019, -0.04, 0.184, -0.063, -0.041, -0.023], T: [0.002, 0.0, 0.0, -0.001, -0.001, -0.001]}side:{A: [0.002, -0.001, 0.001, -0.0, -0.002, 0.0], F: [0.001, 0.004, 0.0, -0.001, -0.003, 0.0], I: [0.217, -0.065, -0.013, -0.068, -0.054, -0.013], T: [-0.049, -0.043, 0.253, -0.083, -0.055, -0.013]}","{
        ""球路"": ""Pull左飛球"",
         ""原因"": ""擊球時ClubAngleFace (-15) 與 ClubAnglePath (6.901) 的差距過大，導致桿面過於封閉，並且在下桿(P5~P6)階段，肩膀與手腕的角度控制不佳，造成揮桿路徑偏左。"",
         ""建議"": ""在下桿階段，注意肩膀的自然旋轉，避免過度用力導致揮桿路徑偏左。同時，保持手腕穩定，避免過早釋放桿面角度。建議在練習時專注於下半身的穩定性，讓力量從地面傳遞至上半身，並嘗試在擊球時保持桿面與目標線平行。這將有助於減少左飛球的發生，提升擊球穩定性與準確性。""
}"
"球速:66.43、發射角度:7.198、發射方向:-6.172、飛行距離:179、ClubAngleFace:-15、ClubAnglePath:6.901front:{A: [0.0, 0.0, -0.0, 0.0, -0.0, -0.0], F: [-0.01, -0.008, 0.0, 0.048, -0.018, -0.011], I: [-0.019, -0.04, 0.184, -0.063, -0.041, -0.023], T: [0.002, 0.0, 0.0, -0.001, -0.001, -0.001]}side:{A: [0.002, -0.001, 0.001, -0.0, -0.002, 0.0], F: [0.001, 0.004, 0.0, -0.001, -0.003, 0.0], I: [0.217, -0.065, -0.013, -0.068, -0.054, -0.013], T: [-0.049, -0.043, 0.253, -0.083, -0.055, -0.013]}","{
        ""球路"": ""Pull左飛球"",
         ""原因"": ""擊球時ClubAngleFace過於負值(-15)，導致桿面過於封閉，且發射方向(-6.172)顯示球路偏左，結合Clubface計算結果(6.901 - (-15) = 21.901)，進一步加劇左飛球的情況。"",
         ""建議"": ""在我們全面的揮杆分析中，您的揮杆動作與教練最相似的地方在於擊球階段(T)，請繼續保持。然而，您的下桿(I)階段有幾個地方可以加強。特別是左手腕的角度過於內收，導致桿面封閉。建議在下桿時，專注於保持左手腕的穩定，避免過度內收，同時讓肩膀自然旋轉，這將有助於改善桿面角度，減少左飛球的發生。""
}"
"球速:66.43、發射角度:7.198、發射方向:-6.172、飛行距離:179、ClubAngleFace:-15、ClubAnglePath:6.901front:{A: [0.0, 0.0, -0.0, 0.0, -0.0, -0.0], F: [-0.01, -0.008, 0.0, 0.048, -0.018, -0.011], I: [-0.019, -0.04, 0.184, -0.063, -0.041, -0.023], T: [0.002, 0.0, 0.0, -0.001, -0.001, -0.001]}side:{A: [0.002, -0.001, 0.001, -0.0, -0.002, 0.0], F: [0.001, 0.004, 0.0, -0.001, -0.003, 0.0], I: [0.217, -0.065, -0.013, -0.068, -0.054, -0.013], T: [-0.049, -0.043, 0.253, -0.083, -0.055, -0.013]}","{
        ""球路"": ""Pull左飛球"",
        ""原因"": ""擊球時ClubAngleFace為-15，遠低於ClubAnglePath的6.901，導致桿面過於封閉，並且在下桿(I)階段肩膀和髖部的旋轉角度不一致，影響了揮桿路徑的穩定性。"",
        ""建議"": ""在下桿(I)階段，請專注於肩膀與髖部的同步旋轉，避免肩膀過早旋轉導致揮桿路徑偏差。可以嘗試在下桿時保持胸口朝向球更久，並確保髖部帶動下半身的旋轉，這將有助於穩定揮桿路徑並改善擊球方向。""
}"
"球速:66.43、發射角度:7.198、發射方向:-6.172、飛行距離:179、ClubAngleFace:-15、ClubAnglePath:6.901front:{A: [0.0, 0.0, -0.0, 0.0, -0.0, -0.0], F: [-0.01, -0.008, 0.0, 0.048, -0.018, -0.011], I: [-0.019, -0.04, 0.184, -0.063, -0.041, -0.023], T: [0.002, 0.0, 0.0, -0.001, -0.001, -0.001]}side:{A: [0.002, -0.001, 0.001, -0.0, -0.002, 0.0], F: [0.001, 0.004, 0.0, -0.001, -0.003, 0.0], I: [0.217, -0.065, -0.013, -0.068, -0.054, -0.013], T: [-0.049, -0.043, 0.253, -0.083, -0.055, -0.013]}","{
        ""球路"": ""Pull左飛球"",
         ""原因"": ""擊球時的ClubAngleFace (-15) 遠小於 ClubAnglePath (6.901)，導致桿面過於封閉，並且在下桿 (P5~6) 時，肩膀和手腕的角度偏差較大，影響了揮桿路徑。"",
         ""建議"": ""在下桿階段，專注於肩膀的自然旋轉，避免過度用力向內拉動手臂，並保持手腕穩定。嘗試在練習時放慢揮桿速度，專注於感受桿面與目標線的對齊，這將有助於減少桿面封閉的情況，改善球路方向。""
}"
"球速:66.43、發射角度:7.198、發射方向:-6.172、飛行距離:179、ClubAngleFace:-15、ClubAnglePath:6.901front:{A: [0.0, 0.0, -0.0, 0.0, -0.0, -0.0], F: [-0.01, -0.008, 0.0, 0.048, -0.018, -0.011], I: [-0.019, -0.04, 0.184, -0.063, -0.041, -0.023], T: [0.002, 0.0, 0.0, -0.001, -0.001, -0.001]}side:{A: [0.002, -0.001, 0.001, -0.0, -0.002, 0.0], F: [0.001, 0.004, 0.0, -0.001, -0.003, 0.0], I: [0.217, -0.065, -0.013, -0.068, -0.054, -0.013], T: [-0.049, -0.043, 0.253, -0.083, -0.055, -0.013]}","{
        ""球路"": ""Pull左飛球"",
         ""原因"": ""Clubface數值為-15，ClubAnglePath為6.901，導致Clubface大於3，球路偏左；此外，從圖片觀察到下桿(P5~6)時，肩膀和手腕角度過於陡峭，影響揮桿軌跡。"",
         ""建議"": ""在下桿階段，請專注於保持肩膀的自然旋轉，避免過度抬起，並確保手腕保持穩定，避免過度外展。可以嘗試在練習時放慢揮桿速度，專注於感受肩膀和手腕的協調動作，這將有助於改善擊球方向並穩定球路。""
}"
"球速:66.43、發射角度:7.198、發射方向:-6.172、飛行距離:179、ClubAngleFace:-15、ClubAnglePath:6.901front:{A: [0.0, 0.0, -0.0, 0.0, -0.0, -0.0], F: [-0.01, -0.008, 0.0, 0.048, -0.018, -0.011], I: [-0.019, -0.04, 0.184, -0.063, -0.041, -0.023], T: [0.002, 0.0, 0.0, -0.001, -0.001, -0.001]}side:{A: [0.002, -0.001, 0.001, -0.0, -0.002, 0.0], F: [0.001, 0.004, 0.0, -0.001, -0.003, 0.0], I: [0.217, -0.065, -0.013, -0.068, -0.054, -0.013], T: [-0.049, -0.043, 0.253, -0.083, -0.055, -0.013]}","{
        ""球路"": ""Pull左飛球"",
         ""原因"": ""擊球時ClubAngleFace(-15)與ClubAnglePath(6.901)差異過大，導致桿面過於封閉，且下桿時手腕角度未能保持穩定，肩膀旋轉過快。"",
         ""建議"": ""在下桿(P5~6)階段，專注於保持左手腕穩定，避免過度外展，並減少肩膀的過快旋轉。可以在練習時多進行慢動作揮桿，感受手腕與肩膀的協調性，確保桿面在擊球瞬間保持方正。這將有助於減少左飛球的情況，並提升擊球的穩定性與準確性。""
}"
"球速:66.43、發射角度:7.198、發射方向:-6.172、飛行距離:179、ClubAngleFace:-15、ClubAnglePath:6.901front:{A: [0.0, 0.0, -0.0, 0.0, -0.0, -0.0], F: [-0.01, -0.008, 0.0, 0.048, -0.018, -0.011], I: [-0.019, -0.04, 0.184, -0.063, -0.041, -0.023], T: [0.002, 0.0, 0.0, -0.001, -0.001, -0.001]}side:{A: [0.002, -0.001, 0.001, -0.0, -0.002, 0.0], F: [0.001, 0.004, 0.0, -0.001, -0.003, 0.0], I: [0.217, -0.065, -0.013, -0.068, -0.054, -0.013], T: [-0.049, -0.043, 0.253, -0.083, -0.055, -0.013]}","{
        ""球路"": ""Pull左飛球"",
         ""原因"": ""Clubface數值為-21.901，顯示桿面過於封閉，且發射方向為-6.172，表明球從目標左側開始飛行。從圖片觀察，P4頂點時肩膀旋轉過度，導致桿頭過高，影響擊球穩定性。"",
         ""建議"": ""在上桿至頂點(P4)時，專注於肩膀的旋轉幅度，避免過度旋轉導致桿頭過高。可以在練習時使用鏡子檢查肩膀的旋轉角度，確保肩膀與髖部保持協調。下桿時，注意左手腕的穩定性，避免過度外展，這將有助於改善桿面角度並減少左飛球的發生。""
}"
